{
	"title": "El Tiempo",
	"ciudades": [{
		"id": "08019",
		"idProvince": "08",
		"name": "Barcelona",
		"nameProvince": "Barcelona",
		"stateSky": {
			"description": "Nubes altas",
			"id": "17"
		},
		"temperatures": {
			"max": "33",
			"min": "24"
		}
	}, {
		"id": "28079",
		"idProvince": "28",
		"name": "Madrid",
		"nameProvince": "Madrid",
		"stateSky": {
			"description": "Cubierto con lluvia escasa",
			"id": "46"
		},
		"temperatures": {
			"max": "39",
			"min": "26"
		}
	}, {
		"id": "41091",
		"idProvince": "41",
		"name": "Sevilla",
		"nameProvince": "Sevilla",
		"stateSky": {
			"description": "Poco nuboso",
			"id": "12"
		},
		"temperatures": {
			"max": "38",
			"min": "21"
		}
	}, {
		"id": "46250",
		"idProvince": "46",
		"name": "Val\u00e8ncia",
		"nameProvince": "Valencia",
		"stateSky": {
			"description": "Nubes altas",
			"id": "17"
		},
		"temperatures": {
			"max": "31",
			"min": "22"
		}
	}, {
		"id": "48020",
		"idProvince": "48",
		"name": "Bilbao",
		"nameProvince": "Bizkaia",
		"stateSky": {
			"description": "Nubes altas",
			"id": "17"
		},
		"temperatures": {
			"max": "38",
			"min": "17"
		}
	}, {
		"id": "15030",
		"idProvince": "15",
		"name": "Coru\u00f1a, A",
		"nameProvince": "A Coru\u00f1a",
		"stateSky": {
			"description": "Intervalos nubosos con lluvia escasa",
			"id": "43"
		},
		"temperatures": {
			"max": "27",
			"min": "17"
		}
	}],
	"today": {
		"p": ["En la Pen\u00ednsula predominar\u00e1n los cielos poco nubosos o con intervalos de nubes medias y altas. Adem\u00e1s habr\u00e1 nubosidad de evoluci\u00f3n diurna, con chubascos y tormentas en el interior de Galicia y cordillera Cant\u00e1brica. Tambi\u00e9n pueden darse en los sistemas Central e Ib\u00e9rico, Pirineos y monta\u00f1as del sureste, sin descartarlos por completo en otras zonas llanas. Poco nuboso o despejado en Baleares. En Canarias, intervalos nubosos en el norte de las islas y poco nuboso o despejado en el sur.", "Es probable la presencia de calima en la Pen\u00ednsula.", "Las temperaturas m\u00e1ximas bajar\u00e1n en el tercio occidental peninsular y la meseta sur y subir\u00e1n en el \u00e1rea cant\u00e1brica y el nordeste de Catalu\u00f1a. Se espera que sigan superando los 40 grados en el valle del Guadalquivir y es probable que se alcancen en puntos del valle del Ebro, sur de Huesca y Lleida. Las m\u00ednimas subir\u00e1n en el noroeste y centro peninsular y bajar\u00e1n en el oeste de Extremadura y de Andaluc\u00eda. Pocos cambios en el resto.", "Viento de levante en Albor\u00e1n. Viento de componente sur en el oeste de Andaluc\u00eda, de componente sur o este en la Meseta. Predominio de viento variable en el resto de la Pen\u00ednsula y Baleares, flojo en general. Alisio en Canarias, con intervalos de intensidad fuerte en los canales entre islas."]
	},
	"tomorrow": {
		"p": ["Intervalos nubosos en Galicia y mitad oeste del \u00e1rea Cant\u00e1brica, con probabilidad de precipitaciones, que podr\u00edan ir acompa\u00f1adas de tormenta. En el resto de la Pen\u00ednsula, poco nuboso al principio con intervalos de nubes altas, pero con nubosidad de evoluci\u00f3n diurna en el resto del cuadrante noroeste, zona centro, monta\u00f1as del sur y Pirineos, sin descartar algunos chubascos y tormentas aislados en esas zonas, m\u00e1s probables en zonas de monta\u00f1a. Poco nuboso en Baleares. En Canarias, intervalos nubosos en el norte de las islas, y poco nuboso o despejado en el sur.", "No se descarta alg\u00fan banco de niebla matinal en el interior de Galicia y del Cant\u00e1brico. Probabilidad de calima en la Pen\u00ednsula, Baleares y Canarias.", "Temperaturas en general en ligero ascenso en buena parte de la Pen\u00ednsula, y sin cambios en Baleares y Canarias.", "Viento del este y noreste en los litorales del sureste peninsular, y con algunos intervalos fuertes en Canarias. De direcci\u00f3n variable en el resto."]
	},
	"provincias": [{
		"CODPROV": "01",
		"NOMBRE_PROVINCIA": "Araba\/\u00c1lava",
		"CODAUTON": "16",
		"COMUNIDAD_CIUDAD_AUTONOMA": "Pa\u00eds Vasco\/Euskadi",
		"CAPITAL_PROVINCIA": "Vitoria-Gasteiz"
	}, {
		"CODPROV": "02",
		"NOMBRE_PROVINCIA": "Albacete",
		"CODAUTON": "08",
		"COMUNIDAD_CIUDAD_AUTONOMA": "Castilla-La Mancha",
		"CAPITAL_PROVINCIA": "Albacete"
	}, {
		"CODPROV": "03",
		"NOMBRE_PROVINCIA": "Alacant\/Alicante",
		"CODAUTON": "10",
		"COMUNIDAD_CIUDAD_AUTONOMA": "Comunitat Valenciana",
		"CAPITAL_PROVINCIA": "Alicante\/Alacant"
	}, {
		"CODPROV": "04",
		"NOMBRE_PROVINCIA": "Almer\u00eda",
		"CODAUTON": "01",
		"COMUNIDAD_CIUDAD_AUTONOMA": "Andaluc\u00eda",
		"CAPITAL_PROVINCIA": "Almer\u00eda"
	}, {
		"CODPROV": "05",
		"NOMBRE_PROVINCIA": "\u00c1vila",
		"CODAUTON": "07",
		"COMUNIDAD_CIUDAD_AUTONOMA": "Castilla y Le\u00f3n",
		"CAPITAL_PROVINCIA": "\u00c1vila"
	}, {
		"CODPROV": "06",
		"NOMBRE_PROVINCIA": "Badajoz",
		"CODAUTON": "11",
		"COMUNIDAD_CIUDAD_AUTONOMA": "Extremadura",
		"CAPITAL_PROVINCIA": "Badajoz"
	}, {
		"CODPROV": "07",
		"NOMBRE_PROVINCIA": "Illes Balears",
		"CODAUTON": "04",
		"COMUNIDAD_CIUDAD_AUTONOMA": "Illes Balears",
		"CAPITAL_PROVINCIA": "Palma de Mallorca"
	}, {
		"CODPROV": "08",
		"NOMBRE_PROVINCIA": "Barcelona",
		"CODAUTON": "09",
		"COMUNIDAD_CIUDAD_AUTONOMA": "Catalu\u00f1a\/Catalunya",
		"CAPITAL_PROVINCIA": "Barcelona"
	}, {
		"CODPROV": "09",
		"NOMBRE_PROVINCIA": "Burgos",
		"CODAUTON": "07",
		"COMUNIDAD_CIUDAD_AUTONOMA": "Castilla y Le\u00f3n",
		"CAPITAL_PROVINCIA": "Burgos"
	}, {
		"CODPROV": "10",
		"NOMBRE_PROVINCIA": "C\u00e1ceres",
		"CODAUTON": "11",
		"COMUNIDAD_CIUDAD_AUTONOMA": "Extremadura",
		"CAPITAL_PROVINCIA": "C\u00e1ceres"
	}, {
		"CODPROV": "11",
		"NOMBRE_PROVINCIA": "C\u00e1diz",
		"CODAUTON": "01",
		"COMUNIDAD_CIUDAD_AUTONOMA": "Andaluc\u00eda",
		"CAPITAL_PROVINCIA": "C\u00e1diz"
	}, {
		"CODPROV": "12",
		"NOMBRE_PROVINCIA": "Castell\u00f3\/Castell\u00f3n",
		"CODAUTON": "10",
		"COMUNIDAD_CIUDAD_AUTONOMA": "Comunitat Valenciana",
		"CAPITAL_PROVINCIA": "Castell\u00f3n de la Plana\/Castell\u00f3 de la Plana"
	}, {
		"CODPROV": "13",
		"NOMBRE_PROVINCIA": "Ciudad Real",
		"CODAUTON": "08",
		"COMUNIDAD_CIUDAD_AUTONOMA": "Castilla-La Mancha",
		"CAPITAL_PROVINCIA": "Ciudad Real"
	}, {
		"CODPROV": "14",
		"NOMBRE_PROVINCIA": "C\u00f3rdoba",
		"CODAUTON": "01",
		"COMUNIDAD_CIUDAD_AUTONOMA": "Andaluc\u00eda",
		"CAPITAL_PROVINCIA": "C\u00f3rdoba"
	}, {
		"CODPROV": "15",
		"NOMBRE_PROVINCIA": "A Coru\u00f1a",
		"CODAUTON": "12",
		"COMUNIDAD_CIUDAD_AUTONOMA": "Galicia",
		"CAPITAL_PROVINCIA": "A Coru\u00f1a"
	}, {
		"CODPROV": "16",
		"NOMBRE_PROVINCIA": "Cuenca",
		"CODAUTON": "08",
		"COMUNIDAD_CIUDAD_AUTONOMA": "Castilla-La Mancha",
		"CAPITAL_PROVINCIA": "Cuenca"
	}, {
		"CODPROV": "17",
		"NOMBRE_PROVINCIA": "Girona",
		"CODAUTON": "09",
		"COMUNIDAD_CIUDAD_AUTONOMA": "Catalu\u00f1a\/Catalunya",
		"CAPITAL_PROVINCIA": "Girona"
	}, {
		"CODPROV": "18",
		"NOMBRE_PROVINCIA": "Granada",
		"CODAUTON": "01",
		"COMUNIDAD_CIUDAD_AUTONOMA": "Andaluc\u00eda",
		"CAPITAL_PROVINCIA": "Granada"
	}, {
		"CODPROV": "19",
		"NOMBRE_PROVINCIA": "Guadalajara",
		"CODAUTON": "08",
		"COMUNIDAD_CIUDAD_AUTONOMA": "Castilla-La Mancha",
		"CAPITAL_PROVINCIA": "Guadalajara"
	}, {
		"CODPROV": "20",
		"NOMBRE_PROVINCIA": "Gipuzkoa",
		"CODAUTON": "16",
		"COMUNIDAD_CIUDAD_AUTONOMA": "Pa\u00eds Vasco\/Euskadi",
		"CAPITAL_PROVINCIA": "Donostia\/San Sebasti\u00e1n"
	}, {
		"CODPROV": "21",
		"NOMBRE_PROVINCIA": "Huelva",
		"CODAUTON": "01",
		"COMUNIDAD_CIUDAD_AUTONOMA": "Andaluc\u00eda",
		"CAPITAL_PROVINCIA": "Huelva"
	}, {
		"CODPROV": "22",
		"NOMBRE_PROVINCIA": "Huesca",
		"CODAUTON": "02",
		"COMUNIDAD_CIUDAD_AUTONOMA": "Arag\u00f3n",
		"CAPITAL_PROVINCIA": "Huesca"
	}, {
		"CODPROV": "23",
		"NOMBRE_PROVINCIA": "Ja\u00e9n",
		"CODAUTON": "01",
		"COMUNIDAD_CIUDAD_AUTONOMA": "Andaluc\u00eda",
		"CAPITAL_PROVINCIA": "Ja\u00e9n"
	}, {
		"CODPROV": "24",
		"NOMBRE_PROVINCIA": "Le\u00f3n",
		"CODAUTON": "07",
		"COMUNIDAD_CIUDAD_AUTONOMA": "Castilla y Le\u00f3n",
		"CAPITAL_PROVINCIA": "Le\u00f3n"
	}, {
		"CODPROV": "25",
		"NOMBRE_PROVINCIA": "Lleida",
		"CODAUTON": "09",
		"COMUNIDAD_CIUDAD_AUTONOMA": "Catalu\u00f1a\/Catalunya",
		"CAPITAL_PROVINCIA": "Lleida"
	}, {
		"CODPROV": "26",
		"NOMBRE_PROVINCIA": "La Rioja",
		"CODAUTON": "17",
		"COMUNIDAD_CIUDAD_AUTONOMA": "La Rioja",
		"CAPITAL_PROVINCIA": "Logro\u00f1o"
	}, {
		"CODPROV": "27",
		"NOMBRE_PROVINCIA": "Lugo",
		"CODAUTON": "12",
		"COMUNIDAD_CIUDAD_AUTONOMA": "Galicia",
		"CAPITAL_PROVINCIA": "Lugo"
	}, {
		"CODPROV": "28",
		"NOMBRE_PROVINCIA": "Madrid",
		"CODAUTON": "13",
		"COMUNIDAD_CIUDAD_AUTONOMA": "Comunidad de Madrid",
		"CAPITAL_PROVINCIA": "Madrid"
	}, {
		"CODPROV": "29",
		"NOMBRE_PROVINCIA": "M\u00e1laga",
		"CODAUTON": "01",
		"COMUNIDAD_CIUDAD_AUTONOMA": "Andaluc\u00eda",
		"CAPITAL_PROVINCIA": "M\u00e1laga"
	}, {
		"CODPROV": "30",
		"NOMBRE_PROVINCIA": "Murcia",
		"CODAUTON": "14",
		"COMUNIDAD_CIUDAD_AUTONOMA": "Regi\u00f3n de Murcia",
		"CAPITAL_PROVINCIA": "Murcia"
	}, {
		"CODPROV": "31",
		"NOMBRE_PROVINCIA": "Navarra",
		"CODAUTON": "15",
		"COMUNIDAD_CIUDAD_AUTONOMA": "Comunidad Foral de Navarra",
		"CAPITAL_PROVINCIA": "Pamplona\/Iru\u00f1a"
	}, {
		"CODPROV": "32",
		"NOMBRE_PROVINCIA": "Ourense",
		"CODAUTON": "12",
		"COMUNIDAD_CIUDAD_AUTONOMA": "Galicia",
		"CAPITAL_PROVINCIA": "Ourense"
	}, {
		"CODPROV": "33",
		"NOMBRE_PROVINCIA": "Asturias",
		"CODAUTON": "03",
		"COMUNIDAD_CIUDAD_AUTONOMA": "Principado de Asturias",
		"CAPITAL_PROVINCIA": "Oviedo"
	}, {
		"CODPROV": "34",
		"NOMBRE_PROVINCIA": "Palencia",
		"CODAUTON": "07",
		"COMUNIDAD_CIUDAD_AUTONOMA": "Castilla y Le\u00f3n",
		"CAPITAL_PROVINCIA": "Palencia"
	}, {
		"CODPROV": "35",
		"NOMBRE_PROVINCIA": "Las Palmas",
		"CODAUTON": "05",
		"COMUNIDAD_CIUDAD_AUTONOMA": "Canarias",
		"CAPITAL_PROVINCIA": "Las Palmas de Gran Canaria"
	}, {
		"CODPROV": "36",
		"NOMBRE_PROVINCIA": "Pontevedra",
		"CODAUTON": "12",
		"COMUNIDAD_CIUDAD_AUTONOMA": "Galicia",
		"CAPITAL_PROVINCIA": "Pontevedra"
	}, {
		"CODPROV": "37",
		"NOMBRE_PROVINCIA": "Salamanca",
		"CODAUTON": "07",
		"COMUNIDAD_CIUDAD_AUTONOMA": "Castilla y Le\u00f3n",
		"CAPITAL_PROVINCIA": "Salamanca"
	}, {
		"CODPROV": "38",
		"NOMBRE_PROVINCIA": "Santa Cruz de Tenerife",
		"CODAUTON": "05",
		"COMUNIDAD_CIUDAD_AUTONOMA": "Canarias",
		"CAPITAL_PROVINCIA": "Santa Cruz de Tenerife"
	}, {
		"CODPROV": "39",
		"NOMBRE_PROVINCIA": "Cantabria",
		"CODAUTON": "06",
		"COMUNIDAD_CIUDAD_AUTONOMA": "Cantabria",
		"CAPITAL_PROVINCIA": "Santander"
	}, {
		"CODPROV": "40",
		"NOMBRE_PROVINCIA": "Segovia",
		"CODAUTON": "07",
		"COMUNIDAD_CIUDAD_AUTONOMA": "Castilla y Le\u00f3n",
		"CAPITAL_PROVINCIA": "Segovia"
	}, {
		"CODPROV": "41",
		"NOMBRE_PROVINCIA": "Sevilla",
		"CODAUTON": "01",
		"COMUNIDAD_CIUDAD_AUTONOMA": "Andaluc\u00eda",
		"CAPITAL_PROVINCIA": "Sevilla"
	}, {
		"CODPROV": "42",
		"NOMBRE_PROVINCIA": "Soria",
		"CODAUTON": "07",
		"COMUNIDAD_CIUDAD_AUTONOMA": "Castilla y Le\u00f3n",
		"CAPITAL_PROVINCIA": "Soria"
	}, {
		"CODPROV": "43",
		"NOMBRE_PROVINCIA": "Tarragona",
		"CODAUTON": "09",
		"COMUNIDAD_CIUDAD_AUTONOMA": "Catalu\u00f1a\/Catalunya",
		"CAPITAL_PROVINCIA": "Tarragona"
	}, {
		"CODPROV": "44",
		"NOMBRE_PROVINCIA": "Teruel",
		"CODAUTON": "02",
		"COMUNIDAD_CIUDAD_AUTONOMA": "Arag\u00f3n",
		"CAPITAL_PROVINCIA": "Teruel"
	}, {
		"CODPROV": "45",
		"NOMBRE_PROVINCIA": "Toledo",
		"CODAUTON": "08",
		"COMUNIDAD_CIUDAD_AUTONOMA": "Castilla-La Mancha",
		"CAPITAL_PROVINCIA": "Toledo"
	}, {
		"CODPROV": "46",
		"NOMBRE_PROVINCIA": "Val\u00e8ncia\/Valencia",
		"CODAUTON": "10",
		"COMUNIDAD_CIUDAD_AUTONOMA": "Comunitat Valenciana",
		"CAPITAL_PROVINCIA": "Valencia"
	}, {
		"CODPROV": "47",
		"NOMBRE_PROVINCIA": "Valladolid",
		"CODAUTON": "07",
		"COMUNIDAD_CIUDAD_AUTONOMA": "Castilla y Le\u00f3n",
		"CAPITAL_PROVINCIA": "Valladolid"
	}, {
		"CODPROV": "48",
		"NOMBRE_PROVINCIA": "Bizkaia",
		"CODAUTON": "16",
		"COMUNIDAD_CIUDAD_AUTONOMA": "Pa\u00eds Vasco\/Euskadi",
		"CAPITAL_PROVINCIA": "Bilbao"
	}, {
		"CODPROV": "49",
		"NOMBRE_PROVINCIA": "Zamora",
		"CODAUTON": "07",
		"COMUNIDAD_CIUDAD_AUTONOMA": "Castilla y Le\u00f3n",
		"CAPITAL_PROVINCIA": "Zamora"
	}, {
		"CODPROV": "50",
		"NOMBRE_PROVINCIA": "Zaragoza",
		"CODAUTON": "02",
		"COMUNIDAD_CIUDAD_AUTONOMA": "Arag\u00f3n",
		"CAPITAL_PROVINCIA": "Zaragoza"
	}, {
		"CODPROV": "51",
		"NOMBRE_PROVINCIA": "Ceuta",
		"CODAUTON": "18",
		"COMUNIDAD_CIUDAD_AUTONOMA": "Ciudad Aut\u00f3noma de Ceuta",
		"CAPITAL_PROVINCIA": "Ceuta"
	}, {
		"CODPROV": "52",
		"NOMBRE_PROVINCIA": "Melilla",
		"CODAUTON": "19",
		"COMUNIDAD_CIUDAD_AUTONOMA": "Ciudad Aut\u00f3noma de Melilla",
		"CAPITAL_PROVINCIA": "Melilla"
	}],
	"breadcrumb": [],
	"metadescripcion": "El tiempo | La previsi\u00f3n meteorol\u00f3gica diaria de provincias y municipios de Espa\u00f1a",
	"keywords": "Previsi\u00f3n, meteorol\u00f3gica, tiempo, Espa\u00f1a, municipios, previsi\u00f3n del tiempo, previsi\u00f3n meteorol\u00f3gica"
}
